P,T,F_total
4.53095296768841,1510.8452000254201,0.0
4.526952967688411,1510.7801306094275,1.844041719036469e-05
4.522952967688411,1510.7100108829757,4.373108173571595e-05
4.518952967688412,1510.638239045802,7.172201745680518e-05
4.514952967688412,1510.5654006818374,0.00010145768676943348
4.510952967688413,1510.4917667349196,0.00013249526833183372
4.506952967688413,1510.4174919802585,0.00016458172684310056
4.5029529676884135,1510.3426754911732,0.00019755507427752177
4.498952967688414,1510.267385456826,0.0002313038112047
4.494952967688414,1510.1916712401269,0.00026574722061310525
4.490952967688415,1510.11556992446,0.00030082466043772864
4.486952967688415,1510.0391101694843,0.0003364892631030754
4.482952967688416,1509.962314621474,0.0003727039939031689
4.478952967688416,1509.8852014950476,0.0004094390648620657
4.4749529676884165,1509.8077856519449,0.00044667017090310523
4.470952967688417,1509.7300793606796,0.0004843772477457202
4.466952967688417,1509.652092846089,0.0005225435733440568
4.462952967688418,1509.5738346961164,0.0005611551027415283
4.458952967688418,1509.4953121689562,0.000600199965835883
4.454952967688419,1509.416531429025,0.0006396680815249881
4.450952967688419,1509.337497731035,0.0006795508567039013
4.44695296768842,1509.2582155655516,0.0007198409482512344
4.44295296768842,1509.178688775488,0.0007605320725274416
4.4389529676884205,1509.0989206503682,0.0008016188512305868
4.434952967688421,1509.0189140033522,0.0008430966854349538
4.430952967688421,1508.9386712347466,0.0008849616517338657
4.426952967688422,1508.8581943847967,0.0009272104159023261
4.422952967688422,1508.7774851779093,0.0009698401605865502
4.418952967688423,1508.6965450599419,0.00101284852431916
4.414952967688423,1508.6153752298526,0.0010562335497578082
4.410952967688424,1508.5339766667248,0.0010999936394924293
4.406952967688424,1508.4523501529661,0.001144127518106428
4.4029529676884245,1508.3704962943273,0.0011886341994388281
4.398952967688425,1508.288415537258,0.001233512958199488
4.394952967688425,1508.2061081840277,0.0012787633052480094
4.390952967688426,1508.1235744059384,0.001324384965970851
4.386952967688426,1508.0408142549452,0.0013703778613514512
4.382952967688427,1507.9578276738894,0.0014167420910087595
4.378952967688427,1507.874614505532,0.0014634779187480478
4.374952967688428,1507.791174500609,0.001510585759180014
4.370952967688428,1507.7075073249753,0.0015580661660883736
4.3669529676884284,1507.6236125659918,0.0016059198219839186
4.362952967688429,1507.5394897382514,0.0016541475287498854
4.358952967688429,1507.4551382887141,0.001702750199238714
4.35495296768843,1507.3705576013367,0.0017517288497052668
4.35095296768843,1507.2857470012507,0.001801084592974541
4.346952967688431,1507.2007057585504,0.0018508186322593095
4.342952967688431,1507.1154330917138,0.0019009322555480499
4.3389529676884315,1507.0299281707373,0.0019514268305059648
4.334952967688432,1506.9441901199675,0.002002303799823217
4.330952967688432,1506.8582180207106,0.0020535646769705095
4.326952967688433,1506.7720109136,0.0021052110423101992
4.322952967688433,1506.685567800791,0.0021572445395329925
4.318952967688434,1506.5988876479532,0.002209666872379589
4.314952967688434,1506.5119693861304,0.002262479801625196
4.310952967688435,1506.4248119134345,0.0023156851422933213
4.306952967688435,1506.337414096629,0.0023692847610828427
4.3029529676884355,1506.2497747725818,0.002423280573982698
4.298952967688436,1506.1618927496286,0.0024776745440601407
4.294952967688436,1506.0737668088325,0.0025324686794031327
4.290952967688437,1505.9853957051491,0.002587665031202172
4.286952967688437,1505.8967781685362,0.002643265691963494
4.282952967688438,1505.8079129049677,0.002699272793834344
4.278952967688438,1505.7187985974024,0.0027556885070376944
4.274952967688439,1505.6294339066833,0.002812515038400678
4.270952967688439,1505.539817472379,0.0028697546299695773
4.2669529676884395,1505.4499479135968,0.0029274095577104618
4.26295296768844,1505.359823829725,0.0029854821302755788
4.25895296768844,1505.2694438011536,0.0030439746878419627
4.254952967688441,1505.1788063899546,0.0031028896010094884
4.250952967688441,1505.087910140513,0.0031622292697521077
4.246952967688442,1504.996753580149,0.003221996122423996
4.242952967688442,1504.9053352196963,0.003282192614810062
4.2389529676884425,1504.8136535540582,0.0033428212292196933
4.234952967688443,1504.7217070627446,0.003403884473620243
4.230952967688443,1504.6294942103261,0.003465384880849214
4.226952967688444,1504.5370134470961,0.0035273250077166346
4.222952967688444,1504.4442632093644,0.003589707434257073
4.218952967688445,1504.3512419199776,0.0036525347630715736
4.214952967688445,1504.2579479887563,0.003715809618562822
4.210952967688446,1504.164379812923,0.003779534646241432
4.206952967688446,1504.0705357775225,0.003843712512055959
4.2029529676884465,1503.9764142558147,0.003908345901737151
4.198952967688447,1503.8820136096706,0.003973437520163234
4.194952967688447,1503.7873321899579,0.004038990090740461
4.190952967688448,1503.692368336908,0.004105006354796082
4.186952967688448,1503.5971203804866,0.004171489070986831
4.182952967688449,1503.5015866407477,0.004238441014716151
4.178952967688449,1503.4057654281894,0.0043058649775653095
4.17495296768845,1503.3096550440935,0.004373763766730412
4.17095296768845,1503.2132537808764,0.004442140204472397
4.1669529676884505,1503.11655992242,0.004510997127570475
4.162952967688451,1503.0195717443994,0.004580337386783037
4.158952967688451,1502.922287514616,0.004650163846315929
4.154952967688452,1502.8247054933236,0.004720479383295501
4.150952967688452,1502.726823933549,0.004791286887245573
4.146952967688453,1502.6286410814112,0.004862589259567512
4.142952967688453,1502.5301551764464,0.004934389413026994
4.1389529676884536,1502.4313644519084,0.0050066902712458455
4.134952967688454,1502.3322671350618,0.005079494768249339
4.130952967688454,1502.2328614476032,0.00515280584775066
4.126952967688455,1502.1331456058695,0.005226626462855772
4.122952967688455,1502.033117821177,0.005300959575483701
4.118952967688456,1501.932776300139,0.00537580815586062
4.114952967688456,1501.8321192449746,0.005451175182013078
4.110952967688457,1501.731144853829,0.00552706363926277
4.106952967688457,1501.6298513210777,0.005603476519717108
4.1029529676884575,1501.5282368376459,0.005680416821762356
4.098952967688458,1501.426299591318,0.005757887549553798
4.094952967688458,1501.3240377670545,0.005835891712505376
4.090952967688459,1501.2214495473065,0.005914432324777574
4.086952967688459,1501.1185331123354,0.005993512404765003
4.08295296768846,1501.015286640524,0.006073134974578869
4.07895296768846,1500.9117083087006,0.006153303059530786
4.074952967688461,1500.8077962924554,0.006234019687612946
4.070952967688461,1500.7035487664646,0.006315287888976331
4.0669529676884615,1500.5989639048107,0.006397110695405824
4.062952967688462,1500.494039881308,0.006479491139794816
4.058952967688462,1500.3887748698246,0.006562432255614266
4.054952967688463,1500.2831670446196,0.00664593707638403
4.050952967688463,1500.177214580654,0.006730008635133449
4.046952967688464,1500.0709156539424,0.006814649963871227
4.042952967688464,1499.9642684418666,0.006899864093039314
4.038952967688465,1499.8572711235151,0.006985654050973308
4.034952967688465,1499.7499218800228,0.007072022863358808
4.0309529676884654,1499.6422188948968,0.0071589735526798965
4.026952967688466,1499.5341603543695,0.00724650913767437
4.022952967688466,1499.4257444477212,0.007334632632775257
4.018952967688467,1499.3169693676289,0.007423347047557374
4.014952967688467,1499.2078333105137,0.007512655386179694
4.010952967688468,1499.0983344768756,0.007602560646830006
4.006952967688468,1498.9884710716435,0.007693065821151831
4.0029529676884685,1498.8782413045194,0.007784173893686365
3.998952967688469,1498.7676433903262,0.007875887841303988
3.9949529676884694,1498.6566755493589,0.007968210632635758
3.99095296768847,1498.545336007729,0.008061145227499957
3.9869529676884703,1498.4336229977232,0.008154694576332491
3.9829529676884707,1498.3215347581456,0.008248861619609114
3.978952967688471,1498.209069534682,0.008343649287272475
3.9749529676884716,1498.0962255802415,0.00843906049815113
3.970952967688472,1497.9830011553186,0.008535098159383886
3.9669529676884725,1497.8693945283453,0.008631765165837874
3.962952967688473,1497.7554039760446,0.008729064399527949
3.9589529676884734,1497.64102778379,0.008826998729036925
3.954952967688474,1497.526264245951,0.008925571008928978
3.9509529676884743,1497.4111116662662,0.00902478407917361
3.9469529676884747,1497.2955683581818,0.009124640764557148
3.942952967688475,1497.1796326452188,0.009225143874104112
3.9389529676884756,1497.0633028613254,0.009326296200493023
3.934952967688476,1496.946577351225,0.009428100519472842
3.9309529676884765,1496.8294544707799,0.00953055958928395
3.926952967688477,1496.7119325873477,0.00963367615007959
3.9229529676884773,1496.594010080122,0.00973745292334103
3.918952967688478,1496.4756853404942,0.009841892611303795
3.9149529676884782,1496.3569567724007,0.009946997896378493
3.9109529676884787,1496.2378227926727,0.010052771440577361
3.906952967688479,1496.1182818313878,0.010159215884942414
3.9029529676884795,1495.998332332219,0.010266333848975275
3.89895296768848,1495.8779727527683,0.010374127930065095
3.8949529676884804,1495.7572015649257,0.010482600702929832
3.890952967688481,1495.636017255197,0.010591754719047861
3.8869529676884813,1495.5144183250522,0.010701592506103592
3.8829529676884817,1495.3924032912655,0.010812116567433725
3.878952967688482,1495.2699706862413,0.010923329381471355
3.8749529676884826,1495.1471190583427,0.01103523340119716
3.870952967688483,1495.0238469722378,0.011147831053604867
3.8669529676884835,1494.9001530092103,0.011261124739154272
3.862952967688484,1494.7760357674886,0.011375116831241787
3.8589529676884844,1494.6514938625726,0.011489809675674225
3.854952967688485,1494.5265259275345,0.011605205590138815
3.8509529676884853,1494.4011306133473,0.011721306863692563
3.8469529676884857,1494.2753065891848,0.011838115756247408
3.842952967688486,1494.1490525427341,0.011955634498067141
3.8389529676884866,1494.0223671804881,0.01207386528926516
3.834952967688487,1493.8952492280525,0.012192810299316719
3.8309529676884875,1493.7676974304336,0.012312471666571501
3.826952967688488,1493.639710552319,0.012432851497771541
3.8229529676884884,1493.51128737838,0.012553951867590537
3.818952967688489,1493.3824267135324,0.012675774818161838
3.8149529676884892,1493.2531273832224,0.012798322358629929
3.8109529676884897,1493.1233882336853,0.012921596464698164
3.80695296768849,1492.99320813222,0.013045599078197119
3.8029529676884906,1492.8625859674341,0.013170332106648483
3.798952967688491,1492.7315206495125,0.013295797422850838
3.7949529676884914,1492.6000111104483,0.013421996864463489
3.790952967688492,1492.4680563042887,0.013548932233605397
3.7869529676884923,1492.3356552073787,0.01367660529646771
3.7829529676884928,1492.2028068185757,0.013805017782922981
3.778952967688493,1492.0695101594858,0.01393417138615991
3.7749529676884936,1491.9357642746656,0.01406406776231361
3.770952967688494,1491.8015682318528,0.014194708530124708
3.7669529676884945,1491.6669211221472,0.014326095270586271
3.762952967688495,1491.5318220602192,0.014458229526619158
3.7589529676884954,1491.3962701844982,0.014591112802752043
3.754952967688496,1491.2602646573532,0.01472474656481243
3.7509529676884963,1491.1238046652745,0.014859132239631256
3.7469529676884967,1490.9868894190363,0.014994271214755253
3.742952967688497,1490.8495181538551,0.01513016483817035
3.7389529676884976,1490.7116901295578,0.015266814418047408
3.734952967688498,1490.5734046307198,0.015404221222486462
3.7309529676884985,1490.4346609667973,0.015542386479274575
3.726952967688499,1490.2954584722756,0.0156813113756685
3.7229529676884994,1490.1557965067807,0.01582099705817311
3.7189529676885,1490.0156744552055,0.015961444632346247
3.7149529676885003,1489.875091727811,0.01610265516260281
3.7109529676885007,1489.734047760337,0.01624462967204479
3.706952967688501,1489.5925420140866,0.01638736914229187
3.7029529676885016,1489.4505739760175,0.01653087451333165
3.698952967688502,1489.3081431588193,0.01667514668338211
3.6949529676885025,1489.1652491009847,0.0168201865087648
3.690952967688503,1489.0218913668741,0.01696599480379375
3.6869529676885033,1488.8780695467622,0.017112572340670328
3.6829529676885038,1488.7337832568958,0.0172599198494024
3.678952967688504,1488.589032139526,0.01740803801772595
3.6749529676885047,1488.4438158629348,0.01755692749104062
3.670952967688505,1488.2981341216162,0.017706588872196432
3.6669529676885055,1488.1519866358205,0.017857022722946057
3.662952967688506,1488.0053731520356,0.01800822955954886
3.6589529676885064,1487.8582934428591,0.01816020985869588
3.654952967688507,1487.7107473069573,0.0183129640536372
3.6509529676885073,1487.562734569052,0.018466492535196416
3.6469529676885077,1487.4142550798956,0.01862079565179651
3.642952967688508,1487.2653087162353,0.018775873709497157
3.6389529676885086,1487.1158953807897,0.01893172697205655
3.634952967688509,1486.966015002188,0.019088355660988803
3.6309529676885095,1486.8156675349119,0.019245759955636654
3.62695296768851,1486.6648529592499,0.019403939993274708
3.6229529676885104,1486.5135712812173,0.01956289586920398
3.618952967688511,1486.3618225324767,0.019722627636863086
3.6149529676885113,1486.2096067699922,0.01988313530737923
3.6109529676885117,1486.0569240768948,0.020044418852248794
3.606952967688512,1485.903774561228,0.020206478199202463
3.6029529676885126,1485.7501583562832,0.0203693132357416
3.598952967688513,1485.5960756205557,0.020532923808210608
3.5949529676885135,1485.4415265373316,0.020697309721429826
3.590952967688514,1485.2865113155744,0.020862470741282942
3.5869529676885143,1485.131030188445,0.021028406590965682
3.582952967688515,1484.975083413763,0.02119511695449163
3.5789529676885152,1484.818671273933,0.021362601475589972
3.5749529676885157,1484.6617940757064,0.021530859758150372
3.570952967688516,1484.5044521500342,0.021699891366479342
3.5669529676885166,1484.346645851883,0.021869695825543878
3.562952967688517,1484.1883755600736,0.022040272621244358
3.5589529676885174,1484.0296416771123,0.02221162120069898
3.554952967688518,1483.8704446290035,0.02238374097252486
3.5509529676885183,1483.7107848650544,0.022556631307128237
3.5469529676885188,1483.5506628576989,0.02273029153702087
3.542952967688519,1483.3900791022907,0.022904720957127072
3.5389529676885196,1483.2290341169003,0.023079918825106047
3.53495296768852,1483.0675284421127,0.02325588436168547
3.5309529676885205,1482.905562640802,0.02343261675098977
3.526952967688521,1482.7431372979397,0.023610115140907457
3.5229529676885214,1482.580253020345,0.02378837864342042
3.518952967688522,1482.4169104364762,0.023967406334980915
3.5149529676885223,1482.2531101961893,0.024147197256870576
3.5109529676885227,1482.0888529705137,0.024327750415581533
3.506952967688523,1481.924139451408,0.024509064783194857
3.5029529676885236,1481.7589703515225,0.024691139297772613
3.498952967688524,1481.593346403945,0.024873972863742825
3.4949529676885245,1481.4272683619618,0.02505756435231014
3.490952967688525,1481.2607369987904,0.025241912601845766
3.4869529676885254,1481.0937531073494,0.025427016418323633
3.482952967688526,1480.9263174999644,0.02561287457570217
3.4789529676885262,1480.7584310081456,0.025799485816381855
3.4749529676885267,1480.5900944822815,0.02598684885159239
3.470952967688527,1480.4213087914122,0.026174962361858147
3.4669529676885276,1480.2520748229308,0.026363824997405447
3.462952967688528,1480.08239348233,0.02655343537861747
3.4589529676885284,1479.9122656929176,0.0267437920964649
3.454952967688529,1479.7416923955316,0.026934893712942266
3.4509529676885293,1479.5706745482926,0.027126738761543537
3.4469529676885298,1479.3992131263026,0.027319325747691588
3.44295296768853,1479.2273091213608,0.027512653149189572
3.4389529676885306,1479.0549635416899,0.027706719416683765
3.434952967688531,1478.8821774116582,0.027901522974126167
3.4309529676885315,1478.7089517714835,0.028097062219224127
3.426952967688532,1478.5352876769548,0.0282933355239091
3.4229529676885324,1478.3611861991408,0.02849034123479363
3.418952967688533,1478.1866484241075,0.028688077673641538
3.4149529676885333,1478.0116754526284,0.028886543137829773
3.4109529676885337,1477.836268399894,0.02908573590081334
3.406952967688534,1477.6604283952277,0.02928565421259658
3.4029529676885346,1477.484156581797,0.029486296300198417
3.398952967688535,1477.3074541163248,0.029687660368122894
3.3949529676885355,1477.1303221687967,0.029889744598819594
3.390952967688536,1476.9527619221753,0.03009254715315536
3.3869529676885364,1476.7747745721124,0.030296066170881184
3.382952967688537,1476.59636132666,0.030500299771096893
3.3789529676885373,1476.4175234059912,0.030705246052725482
3.3749529676885377,1476.2382620421045,0.030910903094967947
3.370952967688538,1476.05857847854,0.031117268957770276
3.3669529676885386,1475.8784739700957,0.03132434168228361
3.362952967688539,1475.6979497825469,0.03153211929133271
3.3589529676885395,1475.5170071923508,0.0317405997898595
3.35495296768854,1475.3356474863867,0.03194978116540363
3.3509529676885403,1475.1538719616601,0.03215966138854231
3.346952967688541,1474.971681925019,0.032370238413338755
3.342952967688541,1474.7890786928988,0.03258151017781738
3.3389529676885417,1474.6060635910223,0.03279347460438598
3.334952967688542,1474.4226379541353,0.03300612960029471
3.3309529676885425,1474.2388031257387,0.03321947305808313
3.326952967688543,1474.054560457813,0.033433502856016734
3.3229529676885434,1473.8699113105474,0.033648216858523754
3.318952967688544,1473.6848570520758,0.033863612916632584
3.3149529676885443,1473.499399058206,0.03407968886839729
3.3109529676885447,1473.3135387121758,0.03429644253934826
3.306952967688545,1473.1272774043541,0.0345138717428739
3.3029529676885456,1472.940616532083,0.03473197428060498
3.298952967688546,1472.753557499408,0.03495074794376873
3.2949529676885465,1472.5661017162886,0.03517019051052183
3.290952967688547,1472.378250599244,0.035390299750839085
3.2869529676885474,1472.1900055706637,0.03561107342370915
3.282952967688548,1472.001368058518,0.035832509278577604
3.2789529676885483,1471.8123394961565,0.03605460505563404
3.2749529676885487,1471.6229213220975,0.03627735848524088
3.270952967688549,1471.4331149797633,0.03650076729229522
3.2669529676885496,1471.242921917337,0.03672482919051568
3.26295296768855,1471.0523435873013,0.03694954188709356
3.2589529676885505,1470.861381446398,0.03717490308192362
3.254952967688551,1470.6700369553596,0.0374009104679026
3.2509529676885514,1470.4783115786877,0.0376275617313738
3.246952967688552,1470.2862067844133,0.03785485455247033
3.2429529676885522,1470.093724043882,0.038082786605482706
3.2389529676885527,1469.9008648315462,0.03831135555922239
3.234952967688553,1469.7076306247318,0.038540559077351995
3.2309529676885536,1469.51402290345,0.03877039481875731
3.226952967688554,1469.3200431501698,0.03900086043786457
3.2229529676885544,1469.1256928496196,0.03923195358498756
3.218952967688555,1468.9309734885944,0.03946367190666914
3.2149529676885553,1468.7358865557353,0.039696013045982706
3.2109529676885558,1468.5404335413555,0.03992897464288206
3.206952967688556,1468.3446159372365,0.04016255433450607
3.2029529676885566,1468.1484352364344,0.0403967497554868
3.198952967688557,1467.9518929330957,0.04063155853826096
3.1949529676885575,1467.7549905222725,0.040866978313373555
3.190952967688558,1467.5577294997465,0.041103006709780954
3.1869529676885584,1467.3601113618417,0.04133964135513256
3.182952967688559,1467.1621376052603,0.04157687987607736
3.1789529676885593,1466.9638097268974,0.04181471989852561
3.1749529676885597,1466.7651292236774,0.04205315904793809
3.17095296768856,1466.5660975923845,0.042292194949595865
3.1669529676885606,1466.3667163295122,0.042531825228884684
3.162952967688561,1466.1669869310838,0.042772047511534676
3.1589529676885615,1465.9669108925482,0.04301285942393239
3.154952967688562,1465.7664897086947,0.043254258593854164
3.1509529676885624,1465.5657248728571,0.04349624264820934
3.146952967688563,1465.3646178778092,0.043738809217783226
3.1429529676885632,1465.163170215016,0.04398195593366898
3.1389529676885637,1464.961383374535,0.0442256804290265
3.134952967688564,1464.7592588449145,0.04446998033907993
3.1309529676885646,1464.556798113067,0.04471485330135654
3.126952967688565,1464.3540026641379,0.04496029695591314
3.1229529676885655,1464.15087398136,0.04520630894553578
3.118952967688566,1463.9474135459316,0.04545288691595988
3.1149529676885663,1463.7436228368974,0.045700028516088544
3.1109529676885668,1463.5395033310074,0.04594773139817072
3.106952967688567,1463.335056502624,0.04619599321804069
3.1029529676885677,1463.1302838235765,0.046444811634270715
3.098952967688568,1462.9251867630585,0.04669418431238162
3.0949529676885685,1462.719766787525,0.046944108919042195
3.090952967688569,1462.514025360558,0.04719458312621302
3.0869529676885694,1462.3079639428347,0.0474456046102842
3.08295296768857,1462.1015839918691,0.04769717105244047
3.0789529676885703,1461.8948869620424,0.0479492801386684
3.0749529676885707,1461.6878743044554,0.04820192955991782
3.070952967688571,1461.480547466853,0.048455117012318465
3.0669529676885716,1461.27290789352,0.048708840197319074
3.062952967688572,1461.0649570251694,0.04896309682181683
3.0589529676885725,1460.8566962988864,0.04921788459834984
3.054952967688573,1460.6481271480209,0.049473201245217494
3.0509529676885734,1460.4392510021019,0.04972904448661551
3.046952967688574,1460.2300692867584,0.04998541205278303
3.0429529676885743,1460.020583423646,0.05024230168014264
3.0389529676885747,1459.8107948303589,0.050499711111417114
3.034952967688575,1459.600704920365,0.050757638095770156
3.0309529676885756,1459.3903151029233,0.051016080388919326
3.026952967688576,1459.179626783009,0.051275035753243235
3.0229529676885765,1458.9686413612526,0.05153450195791396
3.018952967688577,1458.757360233874,0.05179447677901049
3.0149529676885773,1458.5457847926186,0.05205495799962619
3.010952967688578,1458.333916424683,0.05231594340995899
3.0069529676885782,1458.1217565126683,0.05257743080743452
3.0029529676885787,1457.9093064345145,0.0528394179967922
2.998952967688579,1457.6965675634383,0.05310190279017642
2.9949529676885795,1457.4835412678867,0.05336488300723624
2.99095296768858,1457.2702289114827,0.05362835647521865
2.9869529676885804,1457.0566318529716,0.05389232102904522
2.982952967688581,1456.8427514461698,0.054156774511395084
2.9789529676885813,1456.628589039935,0.05442171477281076
2.9749529676885818,1456.414145978087,0.05468713967172493
2.970952967688582,1456.1994235993939,0.05495304707457828
2.9669529676885826,1455.9844232375153,0.05521943485587226
2.962952967688583,1455.7691462209737,0.05548630089825054
2.9589529676885835,1455.553593873094,0.05575364309253735
2.954952967688584,1455.3377675119887,0.05602145933782942
2.9509529676885844,1455.121668450523,0.05628974754156225
2.946952967688585,1454.9052979962512,0.05655850561951782
2.9429529676885853,1454.6886574514208,0.05682773149594025
2.9389529676885857,1454.4717481129155,0.05709742310354513
2.934952967688586,1454.2545712722422,0.05736757838359527
2.9309529676885866,1454.037128215497,0.05763819528594259
2.926952967688587,1453.8194202233417,0.05790927176907485
2.9229529676885875,1453.601448570968,0.05818080580014268
2.918952967688588,1453.383214528089,0.05845279535502592
2.9149529676885884,1453.1647193589001,0.05872523841834345
2.910952967688589,1452.9459643220825,0.05899813298353101
2.9069529676885892,1452.7269506707594,0.05927147705283408
2.9029529676885897,1452.5076796524827,0.05954526863735302
2.89895296768859,1452.2881525092332,0.05981950575709514
2.8949529676885906,1452.068370477379,0.06009418644096721
2.890952967688591,1451.8483347876816,0.06036930872683054
2.8869529676885914,1451.6280466652686,0.06064487066150739
2.882952967688592,1451.4075073296353,0.060920870300821404
2.8789529676885923,1451.1867179946191,0.061197305709599
2.8749529676885928,1450.9656798683952,0.06147417496169534
2.870952967688593,1450.744394153471,0.06175147614001617
2.8669529676885936,1450.5228620466708,0.06202920733652575
2.862952967688594,1450.3010847391417,0.06230736665227452
2.8589529676885945,1450.0790634163343,0.06258595219739482
2.854952967688595,1449.8567992579935,0.06286496209110237
2.8509529676885954,1449.6342934381782,0.06314439446174173
2.846952967688596,1449.4115471252346,0.0634242474467585
2.8429529676885963,1449.1885614818057,0.06370451919272169
2.8389529676885967,1448.9653376648266,0.0639852078553238
2.834952967688597,1448.7418768255284,0.06426631159938755
2.8309529676885976,1448.5181801094293,0.06454782859885456
2.826952967688598,1448.2942486563431,0.0648297570367977
2.8229529676885985,1448.0700836003805,0.0651120951054148
2.818952967688599,1447.845686069951,0.06539484100602767
2.8149529676885994,1447.6210571877746,0.06567799294909099
2.8109529676886,1447.396198070865,0.06596154915414965
2.8069529676886003,1447.171109830555,0.06624550784986771
2.8029529676886007,1446.9457935725009,0.0665298672740192
2.798952967688601,1446.7202503966735,0.06681462567345033
2.7949529676886016,1446.494481397384,0.06709978130410421
2.790952967688602,1446.2684876632752,0.06738533243097887
2.7869529676886025,1446.04227027735,0.06767127732815138
2.782952967688603,1445.815830316955,0.0679576142787194
2.7789529676886033,1445.5891688538138,0.06824434157482857
2.7749529676886038,1445.3622869540288,0.06853145751764293
2.770952967688604,1445.1351856780816,0.06881896041730809
2.7669529676886047,1444.907866080868,0.0691068485929785
2.762952967688605,1444.6803292116822,0.06939512037274963
2.7589529676886055,1444.452576114249,0.06968377409367313
2.754952967688606,1444.2246078267322,0.069972808101729
2.7509529676886064,1443.996425381746,0.07026222075180366
2.746952967688607,1443.7680298063667,0.070552010407661
2.7429529676886073,1443.5394221221536,0.07084217544193466
2.7389529676886077,1443.3106033451663,0.07113271423610835
2.734952967688608,1443.0815744859653,0.07142362518046619
2.7309529676886086,1442.852336549639,0.07171490667408792
2.726952967688609,1442.622890535812,0.07200655712481212
2.7229529676886095,1442.3932374386836,0.07229857494924574
2.71895296768861,1442.1633782470144,0.07259095857268771
2.7149529676886104,1441.933313944165,0.07288370642913929
2.710952967688611,1441.7030455081074,0.07317681696126295
2.7069529676886113,1441.4725739114383,0.07347028862034954
2.7029529676886117,1441.2419001214048,0.07376411986629948
2.698952967688612,1441.0110250999155,0.0740583091675833
2.6949529676886126,1440.7799498035674,0.07435285500122334
2.690952967688613,1440.5486751836615,0.07464775585275805
2.6869529676886135,1440.3172021862247,0.07494301021621735
2.682952967688614,1440.085531752025,0.07523861659407927
2.6789529676886144,1439.85366481659,0.07553457349723967
2.674952967688615,1439.6216023102388,0.07583087944499795
2.6709529676886152,1439.3893451580896,0.07612753296500278
2.6669529676886157,1439.1568942800961,0.07642453259324687
2.662952967688616,1438.9242505910433,0.0767218768739884
2.6589529676886166,1438.6914150006,0.07701956435977365
2.654952967688617,1438.4583884133144,0.077317593611356
2.6509529676886174,1438.22517172865,0.07761596319768796
2.646952967688618,1437.9917658409986,0.07791467169587073
2.6429529676886183,1437.7581716397174,0.07821371769114609
2.6389529676886188,1437.524390009136,0.07851309977683242
2.634952967688619,1437.2904218285803,0.07881281655429556
2.6309529676886196,1437.0562679724,0.07911286663291806
2.62695296768862,1436.8219293099958,0.07941324863007265
2.6229529676886205,1436.5874067058307,0.07971396117106809
2.618952967688621,1436.3527010194655,0.08001500288913041
2.6149529676886214,1436.1178131055674,0.08031637242534397
2.610952967688622,1435.8827438139488,0.08061806842864186
2.6069529676886223,1435.6474939895772,0.08092008955574269
2.6029529676886227,1435.4120644726027,0.08122243447112217
2.598952967688623,1435.176456098393,0.08152510184699883
2.5949529676886236,1434.9406696975304,0.0818280903632432
2.590952967688624,1434.7047060958762,0.08213139870741888
2.5869529676886245,1434.4685661145536,0.08243502557466809
2.582952967688625,1434.2322505699904,0.08273896966770691
2.5789529676886254,1433.9957602739478,0.08304322969679842
2.574952967688626,1433.75909603353,0.08334780437968801
2.5709529676886262,1433.5222586512227,0.08365269244158938
2.5669529676886267,1433.285248924909,0.08395789261513463
2.562952967688627,1433.048067647892,0.08426340364032958
2.5589529676886276,1432.8107156089254,0.0845692242645303
2.554952967688628,1432.573193592231,0.08487535324238885
2.5509529676886284,1432.3355023775289,0.08518178933582803
2.546952967688629,1432.0976427400562,0.085488531313993
2.5429529676886293,1431.859615450601,0.08579557795322895
2.5389529676886298,1431.621421275511,0.08610292803701282
2.53495296768863,1431.3830609767354,0.08641058035595006
2.5309529676886307,1431.1445353118293,0.08671853370769565
2.526952967688631,1430.9058450339996,0.08702678689695814
2.5229529676886315,1430.666990892115,0.08733533873543274
2.518952967688632,1430.4279736307285,0.08764418804175829
2.5149529676886324,1430.1887939901217,0.08795333364151993
2.510952967688633,1429.949452706298,0.0882627743671476
2.5069529676886333,1429.709950511033,0.08857250905792777
2.5029529676886337,1429.4702881318904,0.08888253655995268
2.498952967688634,1429.2304662922352,0.08919285572605433
2.4949529676886346,1428.9904857112779,0.08950346541580957
2.490952967688635,1428.7503471040818,0.08981436449546717
2.4869529676886355,1428.5100511815967,0.090125551837926
2.482952967688636,1428.269598650681,0.09043702632269768
2.4789529676886364,1428.0289902141208,0.09074878683585338
2.474952967688637,1427.7882265706585,0.09106083226999737
2.4709529676886373,1427.547308415016,0.09137316152422716
2.4669529676886377,1427.306236437919,0.09168577350409561
2.462952967688638,1427.0650113261206,0.09199866712157068
2.4589529676886386,1426.823633762426,0.09231184129500457
2.454952967688639,1426.5821044257045,0.09262529494906634
2.4509529676886395,1426.340423990938,0.09293902701475616
2.44695296768864,1426.098593129217,0.09325303642931514
2.4429529676886403,1425.8566125077866,0.09356732213622639
2.438952967688641,1425.614482790059,0.09388188308516184
2.4349529676886412,1425.3722046356374,0.09419671823194438
2.4309529676886417,1425.1297787003286,0.09451182653848296
2.426952967688642,1424.8872056361936,0.09482720697280005
2.4229529676886425,1424.6444860915512,0.09514285850894773
2.418952967688643,1424.4016207110021,0.0954587801269775
2.4149529676886434,1424.1586101354508,0.09577497081289621
2.410952967688644,1423.9154550021342,0.09609142955864577
2.4069529676886443,1423.6721559446519,0.09640815536207879
2.4029529676886447,1423.4287135929642,0.09672514722687224
2.398952967688645,1423.185128573439,0.09704240416254087
2.3949529676886456,1422.9414015088637,0.09735992518437908
2.390952967688646,1422.6975330184753,0.09767770931344039
2.3869529676886465,1422.4535237179648,0.09799575557646309
2.382952967688647,1422.2093742195193,0.09831406300587821
2.3789529676886474,1421.965085131834,0.09863263063974968
2.374952967688648,1421.720657060142,0.0989514575217557
2.3709529676886483,1421.476090606217,0.09927054270111524
2.3669529676886487,1421.2313863684265,0.09958988523261356
2.362952967688649,1420.9865449417255,0.09990948417651276
2.3589529676886496,1420.7415669176924,0.10022933859854388
2.35495296768865,1420.4964528845503,0.10054944756987132
2.3509529676886505,1420.2512034271783,0.10086981016703866
2.346952967688651,1420.005819127143,0.10119042547195238
2.3429529676886514,1419.760300562724,0.10151129257186081
2.338952967688652,1419.5146483089168,0.10183241055927436
2.3349529676886522,1419.2688629374754,0.10215377853198405
2.3309529676886527,1419.0229450169174,0.10247539559299021
2.326952967688653,1418.7768951125497,0.10279726085047762
2.3229529676886536,1418.530713786495,0.10311937341779677
2.318952967688654,1418.2844015977062,0.10344173241341771
2.3149529676886544,1418.0379591019907,0.10376433696090095
2.310952967688655,1417.7913868520232,0.1040871861888503
2.3069529676886553,1417.544685397376,0.10441027923090225
2.3029529676886558,1417.2978552845366,0.10473361522568421
2.298952967688656,1417.05089705692,0.10505719331676765
2.2949529676886566,1416.8038112549027,0.1053810126526663
2.290952967688657,1416.556598415826,0.10570507238676466
2.2869529676886575,1416.3092590740353,0.10602937167733056
2.282952967688658,1416.061793760887,0.1063539096874552
2.2789529676886584,1415.8142030047657,0.10667868558501493
2.274952967688659,1415.5664873311134,0.10700369854266305
2.2709529676886593,1415.3186472624413,0.10732894773777815
2.2669529676886597,1415.0706833183522,0.1076544323524427
2.26295296768866,1414.8225960155612,0.10798015157341562
2.2589529676886606,1414.5743858679157,0.1083061045920993
2.254952967688661,1414.3260533864102,0.10863229060450566
2.2509529676886615,1414.0775990792015,0.108958708811212
2.246952967688662,1413.8290234516373,0.10928535841735611
2.2429529676886624,1413.5803270062756,0.10961223863260568
2.238952967688663,1413.3315102428899,0.10993934867109979
2.2349529676886633,1413.0825736584995,0.11026668775144463
2.2309529676886637,1412.8335177473882,0.11059425509668565
2.226952967688664,1412.5843430011093,0.11092204993424762
2.2229529676886646,1412.3350499085168,0.11125007149593535
2.218952967688665,1412.0856389557819,0.11157831901790059
2.2149529676886655,1411.8361106264094,0.11190679174060987
2.210952967688666,1411.5864654012505,0.11223548890880496
2.2069529676886663,1411.336703758532,0.11256440977149887
2.2029529676886668,1411.0868261738547,0.11289355358190752
2.198952967688667,1410.836833120234,0.11322291959746819
2.1949529676886677,1410.586725068098,0.11355250707977305
2.190952967688668,1410.3365024853204,0.1138823152945742
2.1869529676886685,1410.0861658372228,0.11421234351172282
2.182952967688669,1409.8357155866013,0.11454259100516316
2.1789529676886694,1409.585152193746,0.11487305705291188
2.17495296768867,1409.3344761164435,0.11520374093699655
2.1709529676886703,1409.0836878100135,0.11553464194347436
2.1669529676886707,1408.8327877273107,0.11586575936237355
2.162952967688671,1408.5817763187415,0.1161970924876648
2.1589529676886716,1408.3306540322815,0.11652864061723889
2.154952967688672,1408.0794213135105,0.11686040305292117
2.1509529676886725,1407.8280786055982,0.11719237910037827
2.146952967688673,1407.5766263493429,0.11752456806914176
2.1429529676886734,1407.3250649831764,0.11785696927255648
2.138952967688674,1407.0733949431847,0.11818958202776864
2.1349529676886743,1406.8216166631155,0.11852240565567908
2.1309529676886747,1406.5697305744122,0.1188554394809598
2.126952967688675,1406.3177371062066,0.11918868283197806
2.1229529676886756,1406.0656366853566,0.11952213504082058
2.118952967688676,1405.8134297364413,0.11985579544322279
2.1149529676886765,1405.5611166817912,0.12018966337857913
2.110952967688677,1405.3086979414886,0.12052373818988452
2.1069529676886773,1405.056173933404,0.12085801922375637
2.102952967688678,1404.8035450731913,0.12119250583037044
2.0989529676886782,1404.5508117743104,0.12152719736344793
2.0949529676886787,1404.297974448046,0.12186209318024566
2.090952967688679,1404.0450335035143,0.12219719264151363
2.0869529676886795,1403.7919893476794,0.12253249511147345
2.08295296768868,1403.5388423853767,0.12286799995781512
2.0789529676886804,1403.2855930193118,0.12320370655164391
2.074952967688681,1403.0322416500896,0.12353961426748289
2.0709529676886813,1402.7787886762146,0.12387572248322593
2.0669529676886818,1402.5252344941234,0.12421203058015062
2.062952967688682,1402.2715794981723,0.12454853794284121
2.0589529676886826,1402.017824080684,0.1248852439592358
2.054952967688683,1401.7639686319326,0.12522214802054182
2.0509529676886835,1401.510013540167,0.12555924952123576
2.046952967688684,1401.2559591916367,0.12589654785906695
2.0429529676886844,1401.0018059705803,0.12623404243498035
2.038952967688685,1400.7475542592663,0.12657173265315633
2.0349529676886853,1400.493204437986,0.12690961792094452
2.0309529676886857,1400.2387568850752,0.12724769764885782
2.026952967688686,1399.984211976931,0.12758597125056476
2.0229529676886866,1399.7295700880115,0.12792443814283258
2.018952967688687,1399.4748315908653,0.12826309774554762
2.0149529676886875,1399.2199968561251,0.12860194948165007
2.010952967688688,1398.9650662525487,0.12894099277717525
2.0069529676886884,1398.710040147002,0.12928022706116923
2.002952967688689,1398.4549189044872,0.1296196517657006
1.9989529676886892,1398.199702888154,0.12995926632583876
1.9949529676886897,1397.944392459311,0.13029907017963252
1.9909529676886901,1397.6889879774321,0.1306390627680727
1.9869529676886906,1397.433489800177,0.1309792435350967
1.982952967688691,1397.177898283404,0.1313196119275659
1.9789529676886914,1396.9222137811737,0.13166016739522898
1.9749529676886919,1396.6664366457708,0.13200090939072376
1.9709529676886923,1396.4105672277021,0.13234183736952812
1.9669529676886928,1396.1546058757278,0.1326829507899823
1.9629529676886932,1395.8985529368551,0.13302424911323224
1.9589529676886936,1395.6424087563598,0.13336573180322941
1.954952967688694,1395.3861736777947,0.13370739832670755
1.9509529676886945,1395.1298480430034,0.1340492481531705
1.946952967688695,1394.8734321921288,0.13439128075486273
1.9429529676886954,1394.616926463625,0.1347334956067557
1.9389529676886958,1394.3603311942725,0.1350758921865376
1.9349529676886963,1394.103646719183,0.13541846997458154
1.9309529676886967,1393.846873371812,0.13576122845393132
1.9269529676886972,1393.5900114839753,0.13610416711029205
1.9229529676886976,1393.3330613858518,0.13644728543200016
1.918952967688698,1393.0760234060026,0.13679058291002122
1.9149529676886985,1392.818897871375,0.13713405903791603
1.910952967688699,1392.5616851073148,0.1374777133118304
1.9069529676886994,1392.3043854375878,0.13782154523049947
1.9029529676886998,1392.046999184365,0.1381655542951733
1.8989529676887003,1391.789526668258,0.1385097400096609
1.8949529676887007,1391.5319682083216,0.1388541018802885
1.8909529676887011,1391.2743241220505,0.1391986394158584
1.8869529676887016,1391.0165947254159,0.1395433521276884
1.882952967688702,1390.7587803328565,0.13988823952955456
1.8789529676887025,1390.5008812572876,0.1402333011376686
1.874952967688703,1390.2428978101218,0.14057853647069024
1.8709529676887033,1389.984830301278,0.14092394504970718
1.8669529676887038,1389.726679039171,0.14126952639817142
1.8629529676887042,1389.4684443307617,0.14161528004197899
1.8589529676887047,1389.2101264815203,0.14196120550934352
1.854952967688705,1388.9517257954717,0.14230730233086636
1.8509529676887055,1388.6932425751836,0.1426535700394693
1.846952967688706,1388.4346771217936,0.14300000817042016
1.8429529676887064,1388.1760297350024,0.14334661626128095
1.8389529676887069,1387.9173007130908,0.14369339385190766
1.8349529676887073,1387.658490352928,0.1440403404844378
1.8309529676887077,1387.3995989499813,0.14438745570326966
1.8269529676887082,1387.140626798324,0.14473473905504905
1.8229529676887086,1386.8815741906485,0.14508219008866405
1.818952967688709,1386.6224414182675,0.14542980835520983
1.8149529676887095,1386.3632287711307,0.1457775934079925
1.81095296768871,1386.103936537833,0.14612554480251425
1.8069529676887104,1385.844565005615,0.14647366209643733
1.8029529676887108,1385.5851144603846,0.1468219448496022
1.7989529676887113,1385.3255851867127,0.1471703926239826
1.7949529676887117,1385.0659774678552,0.1475190049836999
1.7909529676887121,1384.8062915857445,0.14786778149497232
1.7869529676887126,1384.5465278210197,0.14821672172614994
1.782952967688713,1384.286686453019,0.1485658252476643
1.7789529676887135,1384.0267677597863,0.1489150916320107
1.774952967688714,1383.7667720180943,0.14926452045376687
1.7709529676887144,1383.5066995034408,0.1496141112895552
1.7669529676887148,1383.2465504900629,0.14996386371804124
1.7629529676887152,1382.9863252509354,0.15031377731989495
1.7589529676887157,1382.7260240577948,0.15066385167782176
1.7549529676887161,1382.4656471811347,0.15101408637651226
1.7509529676887166,1382.2051948902185,0.15136448100264438
1.746952967688717,1381.944667453079,0.1517150351448509
1.7429529676887174,1381.684065136551,0.15206574839376252
1.7389529676887179,1381.4233882062524,0.15241662034193562
1.7349529676887183,1381.1626369265975,0.15276765058385058
1.7309529676887188,1380.9018115608126,0.1531188387159156
1.7269529676887192,1380.6409123709439,0.153470184336461
1.7229529676887196,1380.379939617855,0.15382168704569754
1.71895296768872,1380.1188935612424,0.1541733464457244
1.7149529676887205,1379.8577744596403,0.15452516214051168
1.710952967688721,1379.5965825704343,0.15487713373590392
1.7069529676887214,1379.3353181498549,0.15522926083957217
1.7029529676887218,1379.0739814530007,0.15558154306104255
1.6989529676887223,1378.8125727338288,0.15593398001164283
1.6949529676887227,1378.551092245181,0.15628657130453777
1.6909529676887232,1378.289540238779,0.15663931655468455
1.6869529676887236,1378.0279169652326,0.15699221537883107
1.682952967688724,1377.766222674044,0.15734526739549046
1.6789529676887245,1377.5044576136263,0.15769847222496136
1.674952967688725,1377.2426220312966,0.1580518294892826
1.6709529676887254,1376.9807161732926,0.1584053388122454
1.6669529676887258,1376.7187402847758,0.15875899981937278
1.6629529676887262,1376.4566946098353,0.1591128121379013
1.6589529676887267,1376.1945793915002,0.15946677539678455
1.6549529676887271,1375.932394871748,0.15982088922668533
1.6509529676887276,1375.6701412915031,0.16017515325994533
1.646952967688728,1375.4078188906462,0.16052956713058247
1.6429529676887284,1375.1454279080262,0.16088413047428968
1.638952967688729,1374.88296858146,0.16123884292841345
1.6349529676887293,1374.620441147742,0.16159370413194454
1.6309529676887298,1374.3578458426498,0.16194871372551103
1.6269529676887302,1374.0951829009555,0.16230387135137656
1.6229529676887307,1373.8324525564155,0.16265917665339094
1.618952967688731,1373.5696550418054,0.16301462927704966
1.6149529676887315,1373.3067905889002,0.16337022886942085
1.610952967688732,1373.0438594284878,0.16372597507915077
1.6069529676887324,1372.7808617903804,0.1640818675564702
1.6029529676887329,1372.517797903418,0.16443790595317595
1.5989529676887333,1372.254667995474,0.16479408992261804
1.5949529676887337,1371.9914722934611,0.16515041911969439
1.5909529676887342,1371.7282110233343,0.16550689320082862
1.5869529676887346,1371.4648844101062,0.1658635118239887
1.582952967688735,1371.2014926778395,0.1662202746486392
1.5789529676887355,1370.9380360496655,0.16657718133576616
1.574952967688736,1370.6745147477823,0.16693423154784884
1.5709529676887364,1370.4109289934586,0.167291424948844
1.5669529676887368,1370.1472790070459,0.16764876120417418
1.5629529676887373,1369.8835650079966,0.1680062399807842
1.5589529676887377,1369.6197872148284,0.16836386094704292
1.5549529676887381,1369.3559458451687,0.16872162377277622
1.5509529676887386,1369.0920411157463,0.16907952812924953
1.546952967688739,1368.8280732424,0.16943757368916448
1.5429529676887395,1368.5640424400847,0.16979576012665373
1.53895296768874,1368.2999489228655,0.17015408711724353
1.5349529676887403,1368.035792903941,0.17051255433788695
1.5309529676887408,1367.7715745956368,0.17087116146693018
1.5269529676887412,1367.5072942094123,0.17122990818410339
1.5229529676887417,1367.2429519558686,0.17158879417052003
1.518952967688742,1366.9785480447517,0.17194781910866536
1.5149529676887425,1366.7140826849638,0.1723069826823986
1.510952967688743,1366.449556084554,0.1726662845769135
1.5069529676887434,1366.1849684507417,0.17302572447977244
1.5029529676887439,1365.9203199899075,0.17338530207686081
1.4989529676887443,1365.6556109076007,0.17374501705839138
1.4949529676887447,1365.3908414085554,0.17410486911491668
1.4909529676887452,1365.126011696682,0.174464857938293
1.4869529676887456,1364.8611219750742,0.17482498322167175
1.482952967688746,1364.5961724460246,0.17518524465952245
1.4789529676887465,1364.3311633110175,0.17554564194759442
1.474952967688747,1364.0660947707372,0.1759061747829141
1.4709529676887474,1363.8009670250804,0.17626684286379957
1.4669529676887478,1363.5357802731417,0.1766276458898047
1.4629529676887483,1363.2705347132435,0.1769885835617694
1.4589529676887487,1363.005230542924,0.1773496555817769
1.4549529676887492,1362.7398679589414,0.17771086165314082
1.4509529676887496,1362.4744471572958,0.17807220148044048
1.44695296768875,1362.2089683332085,0.1784336747694538
1.4429529676887505,1361.9434316811453,0.1787952812271918
1.438952967688751,1361.677837394815,0.1791570205618786
1.4349529676887514,1361.4121856671723,0.1795188924829419
1.4309529676887518,1361.1464766904255,0.17988089670100935
1.4269529676887522,1360.8807106560405,0.1802430329279032
1.4229529676887527,1360.6148877547382,0.1806053008766149
1.4189529676887531,1360.349008176515,0.18096770026133793
1.4149529676887536,1360.083072110628,0.1813302307974134
1.410952967688754,1359.8170797456164,0.18169289220136414
1.4069529676887544,1359.5510312692923,0.1820556841908557
1.4029529676887549,1359.2849268687494,0.1824186064847015
1.3989529676887553,1359.0187667303721,0.18278165880286368
1.3949529676887558,1358.7525510398325,0.18314484086643182
1.3909529676887562,1358.486279982103,0.18350815239763676
1.3869529676887566,1358.2199537414501,0.18387159311981774
1.382952967688757,1357.9535725014478,0.18423516275743707
1.3789529676887575,1357.6871364449737,0.1845988610360584
1.374952967688758,1357.4206457542225,0.18496268768235558
1.3709529676887584,1357.1541006107036,0.18532664242409969
1.3669529676887588,1356.8875011952437,0.18569072499014042
1.3629529676887593,1356.6208476879929,0.18605493511040908
1.3589529676887597,1356.3541402684295,0.18641927251591678
1.3549529676887602,1356.0873791153629,0.18678373693873843
1.3509529676887606,1355.8205644069383,0.18714832811201493
1.346952967688761,1355.5536963206455,0.18751304576995673
1.3429529676887615,1355.2867750333073,0.18787788964779675
1.338952967688762,1355.0198007211059,0.18824285948184508
1.3349529676887624,1354.7527735595636,0.18860795500942187
1.3309529676887628,1354.4856937235616,0.18897317596888932
1.3269529676887633,1354.2185613873396,0.18933852209963695
1.3229529676887637,1353.9513767245005,0.18970399314207503
1.3189529676887641,1353.6841399080113,0.1900695888376243
1.3149529676887646,1353.4168511102066,0.19043530892870947
1.310952967688765,1353.1495105027993,0.19080115315876803
1.3069529676887655,1352.8821182568709,0.19116712127221505
1.302952967688766,1352.6146745428916,0.19153321301447626
1.2989529676887663,1352.3471795307096,0.1918994281319453
1.2949529676887668,1352.0796333895642,0.19226576637200685
1.2909529676887672,1351.812036288081,0.19263222748300488
1.2869529676887677,1351.5443883942858,0.19299881121426526
1.282952967688768,1351.2766898755976,0.19336551731606444
1.2789529676887685,1351.0089408988351,0.19373234553962967
1.274952967688769,1350.741141630224,0.1940992956371465
1.2709529676887694,1350.4732922354015,0.19446636736175132
1.2669529676887699,1350.2053928794112,0.19483356046750838
1.2629529676887703,1349.9374437267147,0.19520087470942454
1.2589529676887707,1349.669444941194,0.19556830984343948
1.2549529676887712,1349.40139668614,0.19593586562638554
1.2509529676887716,1349.1332991242853,0.1963035418160552
1.246952967688772,1348.865152417775,0.1966713381711147
1.2429529676887725,1348.5969567281913,0.19703925445115142
1.238952967688773,1348.328712216557,0.19740729041667274
1.2349529676887734,1348.0604190433232,0.1977754458290557
1.2309529676887738,1347.7920773683838,0.1981437204505781
1.2269529676887743,1347.5236873510817,0.19851211404441368
1.2229529676887747,1347.2552491502015,0.19888062637460643
1.2189529676887751,1346.9867629239814,0.19924925720608463
1.2149529676887756,1346.7182288301044,0.1996180063046271
1.210952967688776,1346.449647025723,0.19998687343691146
1.2069529676887765,1346.1810176674358,0.2003558583704443
1.202952967688777,1345.9123409113076,0.20072496087359779
1.1989529676887773,1345.6436169128772,0.20109418071561846
1.1949529676887778,1345.3748458271436,0.20146351766657836
1.1909529676887782,1345.1060278085745,0.2018329714973844
1.1869529676887787,1344.8371630111155,0.2022025419797917
1.1829529676887791,1344.5682515881888,0.20257222888638524
1.1789529676887796,1344.299293692697,0.20294203199057792
1.17495296768878,1344.0302894770239,0.20331195106660424
1.1709529676887804,1343.7612390930424,0.2036819858895215
1.1669529676887809,1343.4921426921064,0.2040521362351843
1.1629529676887813,1343.2230004250698,0.2044224018802769
1.1589529676887818,1342.9538124422772,0.20479278260227884
1.1549529676887822,1342.6845788935696,0.20516327817946883
1.1509529676887826,1342.415299928283,0.20553388839090955
1.146952967688783,1342.1459756952647,0.2059046130164751
1.1429529676887835,1341.8766063428625,0.20627545183681475
1.138952967688784,1341.6071920189286,0.20664640463335174
1.1349529676887844,1341.3377328708325,0.20701747118830344
1.1309529676887848,1341.0682290454522,0.2073886512846485
1.1269529676887853,1340.7986806891863,0.20775994470614506
1.1229529676887857,1340.5290879479428,0.20813135123729484
1.1189529676887862,1340.2594509671603,0.20850287066338236
1.1149529676887866,1339.9897698917946,0.20887450277043124
1.110952967688787,1339.7200448663314,0.20924624734522715
1.1069529676887875,1339.450276034786,0.20961810417530422
1.102952967688788,1339.1804635407009,0.20999007304892972
1.0989529676887884,1338.9106075271552,0.21036215375511652
1.0949529676887888,1338.6407081367686,0.2107343460836226
1.0909529676887892,1338.3707655116905,0.21110664982491534
1.0869529676887897,1338.1007797936138,0.21147906477019263
1.0829529676887901,1337.830751123783,0.21185159071139545
1.0789529676887906,1337.5606796429822,0.21222422744116556
1.074952967688791,1337.290565491544,0.21259697475285957
1.0709529676887914,1337.0204088093574,0.21296983244055986
1.0669529676887919,1336.7502097358552,0.21334280029902902
1.0629529676887923,1336.479968410036,0.21371587812375833
1.0589529676887928,1336.2096849704553,0.21408906571093403
1.0549529676887932,1335.9393595552258,0.21446236285742973
1.0509529676887936,1335.6689923020228,0.21483576936080961
1.046952967688794,1335.3985833480917,0.21520928501933742
1.0429529676887945,1335.1281328302382,0.215582909631942
1.038952967688795,1334.8576408848437,0.21595664299824655
1.0349529676887954,1334.5871076478606,0.21633048491854986
1.0309529676887959,1334.3165332548178,0.21670443519382582
1.0269529676887963,1334.045917840815,0.2170784936257046
1.0229529676887967,1333.7752615405361,0.21745266001649421
1.0189529676887972,1333.504564488243,0.21782693416915577
1.0149529676887976,1333.2338268177882,0.21820131588732866
1.010952967688798,1332.963048662597,0.21857580497527299
1.0069529676887985,1332.6922301556942,0.21895040123793064
1.002952967688799,1332.4213714296877,0.2193251044808741
0.9989529676887994,1332.15047261678,0.21969991451032433
0.9949529676887998,1331.8795338487678,0.22007483113314633
0.9909529676888003,1331.6085552570444,0.22044985415684015
0.9869529676888007,1331.3375369725998,0.2208249833895358
0.9829529676888011,1331.0664791260244,0.22120021863999476
0.9789529676888016,1330.795381847516,0.22157555971761475
0.974952967688802,1330.5242452668665,0.2219510064323923
0.9709529676888025,1330.253069513488,0.22232655859497918
0.9669529676888029,1329.9818547163925,0.22270221601661844
0.9629529676888033,1329.7106010042062,0.22307797850917804
0.9589529676888038,1329.4393085051647,0.22345384588512662
0.9549529676888042,1329.1679773471228,0.22382981795755078
0.9509529676888047,1328.8966076575487,0.2242058945401322
0.9469529676888051,1328.6251995635296,0.22458207544715458
0.9429529676888055,1328.3537531917775,0.22495836049350798
0.938952967688806,1328.0822686686217,0.22533474949466412
0.9349529676888064,1327.810746120019,0.22571124226669229
0.9309529676888069,1327.539185671551,0.22608783862624451
0.9269529676888073,1327.2675874484248,0.22646453839055275
0.9229529676888077,1326.9959515754915,0.226841341377462
0.9189529676888082,1326.7242781772152,0.2272182474053495
0.9149529676888086,1326.4525673777084,0.22759525629320207
0.9109529676888091,1326.180819300715,0.227972367860568
0.9069529676888095,1325.909034069614,0.22834958192755972
0.90295296768881,1325.6372118074282,0.22872689831486376
0.8989529676888104,1325.3653526368173,0.22910431684372065
0.8949529676888108,1325.09345668009,0.22948183733594468
0.8909529676888113,1324.8215240591999,0.22985945961390816
0.8869529676888117,1324.549554895739,0.23023718350051414
0.8829529676888122,1324.2775493109546,0.23061500881923608
0.8789529676888126,1324.0055074257473,0.2309929353941029
0.874952967688813,1323.7334293606632,0.23137096304967208
0.8709529676888135,1323.4613152359066,0.23174909161105503
0.8669529676888139,1323.1891651713352,0.23212732090389726
0.8629529676888144,1322.9169792864652,0.23250565075438465
0.8589529676888148,1322.6447577004724,0.2328840809892377
0.8549529676888152,1322.3725005321926,0.23326261143570953
0.8509529676888157,1322.1002079001235,0.23364124192157582
0.8469529676888161,1321.8278799224306,0.23401997227515212
0.8429529676888166,1321.5555167169402,0.234398802325262
0.838952967688817,1321.283118401148,0.23477773190125492
0.8349529676888174,1321.010685092219,0.2351567608329993
0.8309529676888179,1320.738216906991,0.23553588895088312
0.8269529676888183,1320.4657139619756,0.2359151160858107
0.8229529676888188,1320.1931763733492,0.2362944420691725
0.8189529676888192,1319.9206042569745,0.23667386673289445
0.8149529676888196,1319.6479977283839,0.23705338990938626
0.8109529676888201,1319.375356902798,0.2374330114315858
0.8069529676888205,1319.1026818951054,0.23781273113289583
0.802952967688821,1318.8299728198845,0.23819254884723814
0.7989529676888214,1318.557229791401,0.23857246440903768
0.7949529676888218,1318.284452923594,0.2389524776531822
0.7909529676888223,1318.011642330101,0.23933258841507718
0.7869529676888227,1317.7387981242427,0.23971279653060318
0.7829529676888232,1317.4659204190266,0.24009310183611696
0.7789529676888236,1317.1930093271524,0.2404735041684612
0.774952967688824,1316.92006496102,0.24085400336497612
0.7709529676888245,1316.6470874327142,0.24123459926345353
0.7669529676888249,1316.3740768540224,0.24161529170218005
0.7629529676888254,1316.1010333364216,0.24199608051989424
0.7589529676888258,1315.8279569910972,0.24237696555582722
0.7549529676888262,1315.5548479289264,0.24275794664965936
0.7509529676888267,1315.281706260496,0.2431390236415549
0.7469529676888271,1315.0085320960907,0.24352019637212596
0.7429529676888276,1314.7353255456953,0.24390146468243873
0.738952967688828,1314.4620867190076,0.24428282841402996
0.7349529676888285,1314.1888157254282,0.24466428740888474
0.7309529676888289,1313.9155126740723,0.24504584150945488
0.7269529676888293,1313.6421776737614,0.24542749055863392
0.7229529676888298,1313.3688108330246,0.24580923439975408
0.7189529676888302,1313.0954122601095,0.24619107287660863
0.7149529676888307,1312.8219820629802,0.24657300583344202
0.7109529676888311,1312.548520349307,0.24695503311491468
0.7069529676888315,1312.2750272264868,0.2473371545661541
0.702952967688832,1312.001502801625,0.2477193700326995
0.6989529676888324,1311.7279471815573,0.2481016793605512
0.6949529676888329,1311.454360472837,0.2484840823961358
0.6909529676888333,1311.1807427817325,0.24886657898629475
0.6869529676888337,1310.9070942142446,0.2492491689783166
0.6829529676888342,1310.633414876094,0.24963185221990758
0.6789529676888346,1310.3597048727274,0.2500146285591969
0.6749529676888351,1310.0859643093247,0.2503974978447495
0.6709529676888355,1309.8121932907907,0.250780459925545
0.6669529676888359,1309.53839192176,0.2511635146509773
0.6629529676888364,1309.2645603065946,0.2515466618708478
0.6589529676888368,1308.990698549396,0.2519299014353901
0.6549529676888373,1308.7168067539978,0.25231323319524585
0.6509529676888377,1308.442885023967,0.2526966570014615
0.6469529676888381,1308.168933462606,0.25308017270549216
0.6429529676888386,1307.8949521729598,0.25346378015920945
0.638952967688839,1307.6209412578044,0.2538474792148701
0.6349529676888395,1307.3469008196607,0.25423126972514787
0.6309529676888399,1307.0728309607919,0.25461515154311515
0.6269529676888403,1306.7987317832012,0.2549991245222407
0.6229529676888408,1306.5246033886397,0.2553831885163995
0.6189529676888412,1306.250445878593,0.2557673433798331
0.6149529676888417,1305.9762593543012,0.25615158896720114
0.6109529676888421,1305.7020439167502,0.25653592513354717
0.6069529676888425,1305.4277996666724,0.25692035173429933
0.602952967688843,1305.1535267045513,0.2573048686252784
0.5989529676888434,1304.8792251306188,0.25768947566268346
0.5949529676888439,1304.6048950448637,0.2580741727031101
0.5909529676888443,1304.3305365470226,0.2584589596035223
0.5869529676888448,1304.0561497365848,0.25884383622125934
0.5829529676888452,1303.7817347127993,0.2592288024140516
0.5789529676888456,1303.5072915746684,0.25961385803999526
0.5749529676888461,1303.232820420951,0.2599990029575591
0.5709529676888465,1302.9583213501705,0.26038423702560237
0.566952967688847,1302.683794460601,0.2607695601033262
0.5629529676888474,1302.4092398502817,0.26115497205031796
0.5589529676888478,1302.1346576170172,0.2615404727265362
0.5549529676888483,1301.8600478583676,0.2619260619922892
0.5509529676888487,1301.5854106716613,0.26231173970825716
0.5469529676888492,1301.3107461539896,0.26269750573547834
0.5429529676888496,1301.0360544022133,0.2630833599353586
0.53895296768885,1300.7613355129565,0.2634693021696533
0.5349529676888505,1300.4865895826142,0.2638553323004808
0.5309529676888509,1300.2118167073434,0.26424145019029505
0.5269529676888514,1299.9370169830831,0.26462765570193414
0.5229529676888518,1299.662190505532,0.26501394869855643
0.5189529676888522,1299.3873373701692,0.26540032904369454
0.5149529676888527,1299.1124576722466,0.2657867966012234
0.5109529676888531,1298.837551506782,0.26617335123534436
0.5069529676888536,1298.5626189685784,0.2665599928106312
0.502952967688854,1298.2876601522103,0.2669467211919852
0.49895296768885444,1298.0126751520263,0.2673335362446423
0.4949529676888549,1297.737664062162,0.2677204378342006
0.4909529676888553,1297.4626269765226,0.26810742582657177
0.48695296768885576,1297.187563988799,0.2684945000880179
0.4829529676888562,1296.912475192463,0.2688816604851365
0.47895296768885665,1296.6373606807679,0.2692689068848543
0.4749529676888571,1296.3622205467484,0.2696562391544285
0.4709529676888575,1296.0870548832256,0.27004365716145035
0.46695296768885797,1295.8118637828036,0.2704311607738354
0.4629529676888584,1295.5366473378745,0.27081874985983256
0.45895296768885885,1295.2614056406126,0.27120642428800273
0.4549529676888593,1294.9861387829883,0.27159418392724655
0.45095296768885973,1294.710846856764,0.27198202864676524
0.44695296768886017,1294.4355299534727,0.2723699583161164
0.4429529676888606,1294.1601881644451,0.27275797280514796
0.43895296768886105,1293.884821580812,0.2731460719840484
0.4349529676888615,1293.6094302934866,0.273534255723297
0.43095296768886193,1293.3340143931864,0.2739225238937168
0.4269529676888624,1293.0585739704136,0.27431087636642015
0.4229529676888628,1292.783109115468,0.27469931301283906
0.41895296768886325,1292.5076199184475,0.27508783370472056
0.4149529676888637,1292.2321064692435,0.2754764383141118
0.41095296768886413,1291.956568857545,0.27586512671337077
0.4069529676888646,1291.681007172845,0.2762538987751722
0.402952967688865,1291.4054215047315,0.2766427543742524
0.39895296768886546,1291.1298119416922,0.27703169338035233
0.3949529676888659,1290.8541785729194,0.27742071566882076
0.39095296768886634,1290.5785214871032,0.27780982111353153
0.3869529676888668,1290.302840772738,0.27819900958866184
0.3829529676888672,1290.0271365181238,0.2785882809686907
0.37895296768886766,1289.7514088113621,0.27897763512838797
0.3749529676888681,1289.4756577403643,0.27936707194282906
0.37095296768886854,1289.1998833928408,0.27975659128736463
0.366952967688869,1288.9240858563144,0.28014619303765453
0.3629529676888694,1288.6482652181182,0.2805358770696542
0.35895296768886986,1288.3724215653817,0.28092564325957814
0.3549529676888703,1288.0965549850557,0.2813154914839606
0.35095296768887074,1287.8206655638992,0.281705421619616
0.3469529676888712,1287.5447533884808,0.2820954335436455
0.3429529676888716,1287.2688185451773,0.282485527133422
0.33895296768887206,1286.9928611201838,0.2828757022666162
0.3349529676888725,1286.7168811995066,0.2832659588211785
0.33095296768887295,1286.4408788689639,0.28365629667533215
0.3269529676888734,1286.1648542141918,0.28404671570758805
0.3229529676888738,1285.888807320642,0.2844372157967354
0.31895296768887427,1285.612738273578,0.28482779682182874
0.3149529676888747,1285.3366471580869,0.2852184586622146
0.31095296768887515,1285.060534059069,0.2856092011975011
0.3069529676888756,1284.7843990612473,0.28600002430758115
0.30295296768887603,1284.5082422491635,0.28639092787261716
0.29895296768887647,1284.2320637071741,0.28678191177302803
0.2949529676888769,1283.955863519466,0.28717297588952656
0.29095296768887735,1283.6796417700366,0.28756412010306703
0.2869529676888778,1283.4033985427154,0.2879553442948933
0.28295296768887823,1283.1271339211544,0.28834664834651486
0.2789529676888787,1282.8508479888194,0.2887380321396806
0.2749529676888791,1282.574540829011,0.2891294955564278
0.27095296768887955,1282.2982125248548,0.2895210384790566
0.26695296768888,1282.0218631592968,0.2899126607901136
0.26295296768888043,1281.7454928151108,0.2903043623724079
0.2589529676888809,1281.4691015749038,0.2906961431090232
0.2549529676888813,1281.1926895211054,0.2910880028832863
0.25095296768888176,1280.9162567359745,0.29147994157878154
0.2469529676888822,1280.6398033016026,0.2918719590793572
0.24295296768888264,1280.3633292999086,0.2922640552691086
0.23895296768888308,1280.0868348126435,0.29265623003238717
0.23495296768888352,1279.810319921391,0.29304848325379923
0.23095296768888396,1279.5337847075612,0.293440814818187
0.2269529676888844,1279.2572292524062,0.2938332246106675
0.22295296768888484,1278.9806536370077,0.29422571251659396
0.21895296768888528,1278.7040579422792,0.2946182784215615
0.21495296768888572,1278.4274422489707,0.2950109222114184
0.21095296768888616,1278.15080663767,0.2954036437722596
0.2069529676888866,1277.874151188798,0.29579644299042046
0.20295296768888704,1277.597475982616,0.29618931975248686
0.19895296768888748,1277.3207810992212,0.2965822739452826
0.19495296768888792,1277.0440666185496,0.29697530545587475
0.19095296768888836,1276.7673326203692,0.2973684141715537
0.1869529676888888,1276.4905791843,0.2977615999798797
0.18295296768888925,1276.213806389794,0.2981548627686309
0.17895296768888969,1275.9370143161468,0.2985482024258305
0.17495296768889013,1275.6602030424915,0.2989416188397265
0.17095296768889057,1275.383372647811,0.2993351118988233
0.166952967688891,1275.1065232109236,0.2997286814918395
0.16295296768889145,1274.829654810491,0.3001223275077287
0.1589529676888919,1274.552767525024,0.30051604983568747
0.15495296768889233,1274.2758614328707,0.30090984836512724
0.15095296768889277,1273.9989366122359,0.3013037229857186
0.1469529676888932,1273.7219931411594,0.3016976735873325
0.14295296768889365,1273.4450310975285,0.3020917000600727
0.1389529676888941,1273.168050559085,0.30248580229428906
0.13495296768889453,1272.8910516034068,0.30287998018052675
0.13095296768889497,1272.6140343079283,0.30327423360958017
0.1269529676888954,1272.3369987499352,0.30366856247247276
0.12295296768889585,1272.0599450065524,0.3040629666604252
0.1189529676888963,1271.7828731547622,0.30445744606490105
0.11495296768889673,1271.5057832713908,0.30485200057756767
0.11095296768889717,1271.2286754331237,0.3052466300903335
0.10695296768889762,1270.9515497164937,0.3056413344953161
0.10295296768889806,1270.6744061978882,0.3060361136848578
0.0989529676888985,1270.3972449535397,0.3064309675514988
0.09495296768889894,1270.120066059545,0.30682589598802384
0.09095296768889938,1269.8428695918478,0.30722089888741516
0.08695296768889982,1269.5656556262468,0.30761597614287256
0.08295296768890026,1269.288424238397,0.308011127647813
0.0789529676889007,1269.0111755038067,0.30840635329585775
0.07495296768890114,1268.733909497847,0.3088016529808614
0.07095296768890158,1268.4566262957383,0.3091970265968687
0.06695296768890202,1268.1793259725605,0.3095924740381417
0.06295296768890246,1267.902008603253,0.3099879951991561
0.0589529676889029,1267.6246742626092,0.310383589974584
0.05495296768890334,1267.3473230252866,0.31077925825931996
0.05095296768890378,1267.0699549658,0.3111749999484612
0.046952967688904224,1266.792570158522,0.3115708149373027
0.042952967688904664,1266.5151686776853,0.311966703121346
0.038952967688905105,1266.2377505973875,0.3123626643963068
0.034952967688905545,1265.960315991589,0.31275869865810724
0.030952967688905986,1265.6828649341032,0.31315480580284977
0.026952967688906426,1265.4053974986155,0.3135509857268606
0.022952967688906867,1265.127913758666,0.31394723832664934
0.018952967688907307,1264.850413787666,0.31434356349894155
0.014952967688907748,1264.572897658882,0.3147399611406413
0.010952967688908188,1264.2953654454573,0.31513643114888173
